cat√©gorie,nom,description,dur√©e_min,difficult√©,participants_min,micro_protocole
collaborative,Brainstorming Classique,G√©n√©ration libre d'id√©es sans jugement. Quantit√© avant qualit√©.,15,facile,1,"Tour de table virtuel : on g√©n√®re chacun 3 id√©es √† tour de r√¥le, sans filtre ni critique."
collaborative,Brainwriting 6-3-5,6 personnes √©crivent 3 id√©es en 5 minutes puis passent la feuille.,30,facile,2,"On √©crit 3 id√©es en silence pendant 2 minutes, puis on √©change et on rebondit sur les id√©es de l'autre."
collaborative,Round Robin,Chacun propose une id√©e √† tour de r√¥le sans interruption.,20,facile,2,"Une id√©e chacun, √† tour de r√¥le. Pas de commentaire, pas de jugement. On encha√Æne."
collaborative,M√©thode des Post-it,Id√©es individuelles sur post-it puis regroupement collectif.,25,facile,1,"Note chaque id√©e en une phrase courte. On regroupe ensuite par affinit√© pour voir les patterns."
collaborative,Speed Storming,Sessions de 3 min en bin√¥mes rotatifs pour g√©n√©rer des id√©es.,20,moyen,2,"3 minutes chrono par angle d'attaque. On change de perspective √† chaque round."
cr√©ative,SCAMPER,Substituer Combiner Adapter Modifier Proposer √âliminer R√©organiser.,30,moyen,1,"On applique les 7 leviers SCAMPER un par un au sujet : Substituer quoi ? Combiner avec quoi ? etc."
cr√©ative,Mind Mapping,Carte mentale partant du sujet central vers les ramifications.,25,facile,1,"On place le sujet au centre et on tire des branches : chaque branche = un angle, chaque feuille = une id√©e."
cr√©ative,Analogie Forc√©e,Appliquer les principes d'un domaine totalement diff√©rent au probl√®me.,20,moyen,1,"On force une analogie entre ton sujet et un domaine al√©atoire. Ex : 'Et si ton produit √©tait un restaurant ?'"
cr√©ative,Mots Al√©atoires,Utiliser des mots tir√©s au hasard comme tremplin cr√©atif.,15,facile,1,"Je tire un mot au hasard. Tu dois connecter ce mot √† ton sujet en 30 secondes. Go !"
cr√©ative,Collage Conceptuel,Assembler des images et concepts visuels pour inspirer des solutions.,30,moyen,1,"On d√©crit 3 images mentales li√©es au sujet, puis on cherche les id√©es cach√©es dans chaque image."
profonde,Les 5 Pourquoi,Remonter √† la racine du probl√®me en demandant pourquoi 5 fois.,15,facile,1,"On creuse : Pourquoi ce probl√®me ? Et pourquoi √ßa ? Et pourquoi ? 5 niveaux pour trouver la racine."
profonde,Analyse Morphologique,D√©composer le probl√®me en dimensions et combiner les options.,45,difficile,1,"On d√©coupe le sujet en 3-4 dimensions, on liste 3 options par dimension, puis on combine pour cr√©er des solutions."
profonde,Arbre de Pertinence,Hi√©rarchiser les sous-probl√®mes pour identifier les leviers cl√©s.,30,moyen,1,"On dessine l'arbre du probl√®me : racine = objectif, branches = sous-probl√®mes, feuilles = solutions possibles."
profonde,Matrice de D√©couverte,Croiser deux listes de param√®tres pour r√©v√©ler des combinaisons in√©dites.,35,moyen,1,"On cr√©e une grille : en lignes les besoins, en colonnes les moyens. Chaque case = une id√©e potentielle."
structur√©e,Six Chapeaux de Bono,Explorer le sujet sous 6 angles diff√©rents (faits √©motions risques cr√©ativit√© organisation optimisme).,40,moyen,1,"On met chaque chapeau 2 minutes : ü§ç Faits, üî¥ √âmotions, ‚ö´ Risques, üü¢ Cr√©ativit√©, üîµ Organisation, üü° Optimisme."
structur√©e,SWOT Cr√©atif,Forces Faiblesses Opportunit√©s Menaces appliqu√©s √† chaque id√©e.,25,facile,1,"Pour chaque id√©e : quelles forces ? quelles faiblesses ? quelles opportunit√©s ? quelles menaces ?"
structur√©e,Matrice Eisenhower Invers√©e,Prioriser les id√©es par urgence et importance pour trouver les quick wins.,20,facile,1,"On classe chaque id√©e sur 2 axes : impact (haut/bas) √ó effort (haut/bas). On cherche les quick wins."
structur√©e,Diagramme d'Ishikawa,Identifier les causes racines par cat√©gories (m√©thode mat√©riel main-d'≈ìuvre milieu).,30,moyen,1,"On organise les causes en ar√™tes de poisson : M√©thode, Mat√©riel, Main-d'≈ìuvre, Milieu, Machine, Mesure."
th√©√¢trale,Jeu de R√¥le Client,Se mettre dans la peau d'un utilisateur type et vivre son parcours.,30,moyen,1,"Tu incarnes ta persona principale. D√©cris ta journ√©e, ton probl√®me, ta recherche de solution. Vis-le !"
th√©√¢trale,Technique du Chapeau,Chaque participant adopte un r√¥le diff√©rent pour diversifier les perspectives.,25,moyen,2,"Tu choisis un r√¥le (l'ing√©nieur, l'artiste, l'enfant, le PDG) et tu proposes des id√©es depuis ce point de vue."
th√©√¢trale,Interview Imaginaire,Interviewer un expert fictif (vivant ou mort) sur le sujet.,20,moyen,1,"On interview un expert imaginaire. Que dirait Steve Jobs ? Marie Curie ? Un enfant de 8 ans ?"
th√©√¢trale,Tribunal des Id√©es,Mettre une id√©e en proc√®s avec avocat d√©fenseur et procureur.,30,moyen,2,"L'id√©e est jug√©e ! Mary la d√©fend, Rex l'attaque. Toi tu es le jury. Verdict ?"
sauvage,Pens√©e Invers√©e,Chercher comment aggraver le probl√®me puis inverser les solutions.,20,facile,1,"Comment rendre ce probl√®me PIRE ? On liste tout, puis on inverse chaque point. Les meilleures id√©es sortent !"
sauvage,Worst Possible Idea,G√©n√©rer volontairement les pires id√©es puis les retourner.,15,facile,1,"On cherche la PIRE id√©e possible. Vraiment la pire. Puis on la retourne pour trouver du g√©nie."
sauvage,Exag√©ration Extr√™me,Pousser chaque param√®tre √† l'extr√™me pour r√©v√©ler de nouvelles possibilit√©s.,15,facile,1,"Et si c'√©tait gratuit ? Et si √ßa co√ªtait 1 million ? Et si √ßa prenait 1 seconde ? Et si √ßa prenait 10 ans ?"
sauvage,Destruction Cr√©ative,Imaginer la destruction compl√®te de la solution actuelle et reconstruire de z√©ro.,25,moyen,1,"On d√©truit tout. Table rase. Si on recommen√ßait de z√©ro aujourd'hui, comment on ferait ?"
introspective,Journaling Cr√©atif,√âcriture libre et non censur√©e autour du sujet pendant 10 minutes.,10,facile,1,"√âcris tout ce qui te vient sur le sujet, sans filtre. Pas de structure, pas de jugement. Flux libre."
introspective,M√©ditation Guid√©e,Visualisation du probl√®me r√©solu pour identifier les √©tapes manquantes.,15,facile,1,"Ferme les yeux. Ton probl√®me est r√©solu. D√©cris ce que tu vois. Qu'est-ce qui a chang√© ? Comment ?"
introspective,Technique du Futur Moi,Se projeter dans 5 ans et d√©crire comment le probl√®me a √©t√© r√©solu.,15,facile,1,"Tu es en 2031. Ton projet a r√©ussi. Raconte-moi comment tu en es arriv√©(e) l√†."
introspective,Lettre √† Soi-M√™me,√âcrire une lettre depuis le futur expliquant le succ√®s du projet.,15,facile,1,"√âcris une lettre depuis ton futur moi qui a r√©ussi. Quels choix as-tu faits ? Quels obstacles surmont√©s ?"
biomim√©tique,Biomimicry,S'inspirer des solutions de la nature pour r√©soudre le probl√®me.,30,moyen,1,"Quel organisme vivant r√©sout un probl√®me similaire ? Comment la nature s'y prendrait-elle ?"
biomim√©tique,√âcosyst√®me Mapping,Cartographier l'√©cosyst√®me naturel le plus proche du probl√®me.,25,moyen,1,"On cartographie l'√©cosyst√®me de ton projet comme un √©cosyst√®me naturel : qui sont les pr√©dateurs ? les symbiotes ?"
biomim√©tique,√âvolution Simul√©e,Appliquer s√©lection naturelle et mutation aux id√©es pour les faire √©voluer.,30,difficile,1,"On prend 3 id√©es, on les 'mute' (variation al√©atoire), on les 'croise' (hybridation). La plus forte survit."
biomim√©tique,Symbiose Conceptuelle,Identifier des partenariats mutuellement b√©n√©fiques inspir√©s du vivant.,20,moyen,1,"Quels partenariats 'gagnant-gagnant' ton projet pourrait-il cr√©er ? Comme le poisson-clown et l'an√©mone."
quantique,Superposition d'Id√©es,Explorer simultan√©ment deux id√©es contradictoires sans trancher.,20,difficile,1,"On prend deux id√©es contradictoires et on les garde toutes les deux vraies en m√™me temps. Quelle synth√®se √©merge ?"
quantique,Effet Tunnel,Trouver des raccourcis impossibles en ignorant temporairement les contraintes.,15,moyen,1,"On ignore TOUTES les contraintes pendant 2 minutes. Budget illimit√©, technologie magique. Qu'est-ce qu'on fait ?"
quantique,Intrication Conceptuelle,Lier deux id√©es distantes pour qu'elles √©voluent ensemble.,20,difficile,1,"On lie deux id√©es √©loign√©es : si l'une change, l'autre change aussi. Quelles connexions cach√©es apparaissent ?"
quantique,Observateur Quantique,Changer de perspective d'observation pour modifier la nature du probl√®me.,15,moyen,1,"On regarde le probl√®me depuis 3 points de vue diff√©rents : l'utilisateur, le concurrent, la soci√©t√©. Que voit-on ?"
culturelle,Voyage Culturel,Explorer comment le probl√®me serait r√©solu dans une autre culture.,25,moyen,1,"Comment r√©soudrait-on ce probl√®me au Japon ? Au Br√©sil ? En Finlande ? Chaque culture apporte un angle unique."
culturelle,Sagesse Ancestrale,Appliquer des proverbes ou principes anciens au probl√®me moderne.,20,facile,1,"Quel proverbe ou sagesse ancienne pourrait s'appliquer ici ? 'Pierre qui roule...' inspire quelle solution ?"
culturelle,Fusion Interculturelle,Combiner des approches de cultures diff√©rentes pour une solution hybride.,25,moyen,1,"On prend la rigueur allemande + la cr√©ativit√© br√©silienne + le minimalisme japonais. Quelle fusion en sort ?"
culturelle,Rituel d'Innovation,Cr√©er un rituel ou une c√©r√©monie autour du processus cr√©atif.,20,moyen,1,"On cr√©e un rituel pour cette session : un mot d'ouverture, un geste symbolique. √áa lib√®re la cr√©ativit√©."
